image,clusterid
IMG_4.jpg,4
IMG_5.jpg,1
IMG_7.jpg,2
IMG_9.jpg,4
IMG_12.jpg,2
IMG_13.jpg,0
IMG_14.jpg,0
IMG_16.jpg,4
IMG_17.jpg,1
IMG_20.jpg,6
IMG_21.jpg,0
IMG_22.jpg,6
IMG_23.jpg,3
IMG_26.jpg,0
IMG_29.jpg,0
IMG_30.jpg,3
IMG_31.jpg,2
IMG_32.jpg,4
IMG_33.jpg,0
IMG_35.jpg,4
IMG_36.jpg,6
IMG_38.jpg,2
IMG_39.jpg,4
IMG_40.jpg,6
IMG_42.jpg,6
IMG_43.jpg,6
IMG_44.jpg,3
IMG_46.jpg,6
IMG_47.jpg,3
IMG_48.jpg,0
IMG_49.jpg,1
IMG_50.jpg,0
IMG_52.jpg,0
IMG_54.jpg,6
IMG_55.jpg,2
IMG_56.jpg,4
IMG_57.jpg,2
IMG_58.jpg,4
IMG_59.jpg,2
IMG_61.jpg,6
IMG_62.jpg,0
IMG_63.jpg,5
IMG_64.jpg,4
IMG_68.jpg,6
IMG_70.jpg,5
IMG_71.jpg,1
IMG_74.jpg,2
IMG_76.jpg,2
IMG_78.jpg,2
IMG_81.jpg,0
IMG_82.jpg,4
IMG_83.jpg,6
IMG_84.jpg,3
IMG_85.jpg,6
IMG_86.jpg,2
IMG_88.jpg,6
IMG_89.jpg,2
IMG_90.jpg,3
IMG_91.jpg,4
IMG_93.jpg,2
IMG_94.jpg,0
IMG_95.jpg,4
IMG_96.jpg,2
IMG_98.jpg,1
IMG_99.jpg,3
IMG_100.jpg,2
IMG_101.jpg,4
IMG_103.jpg,4
IMG_104.jpg,6
IMG_105.jpg,2
IMG_106.jpg,2
IMG_107.jpg,2
IMG_109.jpg,2
IMG_110.jpg,1
IMG_111.jpg,2
IMG_113.jpg,6
IMG_115.jpg,5
IMG_116.jpg,5
IMG_117.jpg,1
IMG_118.jpg,2
IMG_119.jpg,2
IMG_120.jpg,6
IMG_121.jpg,4
IMG_124.jpg,0
IMG_125.jpg,5
IMG_126.jpg,4
IMG_128.jpg,1
IMG_129.jpg,1
IMG_130.jpg,4
IMG_131.jpg,2
IMG_132.jpg,4
IMG_133.jpg,1
IMG_134.jpg,4
IMG_135.jpg,0
IMG_137.jpg,2
IMG_138.jpg,1
IMG_140.jpg,4
IMG_141.jpg,0
IMG_142.jpg,6
IMG_144.jpg,4
IMG_145.jpg,2
IMG_147.jpg,2
IMG_148.jpg,0
IMG_149.jpg,5
IMG_152.jpg,6
IMG_153.jpg,0
IMG_154.jpg,2
IMG_155.jpg,4
IMG_156.jpg,2
IMG_158.jpg,5
IMG_160.jpg,5
IMG_163.jpg,0
IMG_165.jpg,5
IMG_166.jpg,2
IMG_167.jpg,4
IMG_168.jpg,6
IMG_169.jpg,6
IMG_170.jpg,4
IMG_172.jpg,4
IMG_174.jpg,4
IMG_175.jpg,2
IMG_176.jpg,0
IMG_177.jpg,6
IMG_178.jpg,2
IMG_179.jpg,4
IMG_180.jpg,0
IMG_182.jpg,2
IMG_183.jpg,4
IMG_186.jpg,2
IMG_187.jpg,1
IMG_188.jpg,1
IMG_189.jpg,1
IMG_190.jpg,4
IMG_191.jpg,3
IMG_192.jpg,2
IMG_195.jpg,2
IMG_196.jpg,2
IMG_197.jpg,4
IMG_198.jpg,5
IMG_199.jpg,2
IMG_200.jpg,0
IMG_201.jpg,2
IMG_205.jpg,5
IMG_206.jpg,1
IMG_207.jpg,2
IMG_208.jpg,4
IMG_209.jpg,0
IMG_210.jpg,4
IMG_211.jpg,0
IMG_212.jpg,0
IMG_215.jpg,4
IMG_216.jpg,3
IMG_217.jpg,2
IMG_218.jpg,2
IMG_220.jpg,2
IMG_221.jpg,4
IMG_222.jpg,4
IMG_223.jpg,4
IMG_224.jpg,2
IMG_225.jpg,1
IMG_226.jpg,2
IMG_227.jpg,1
IMG_228.jpg,4
IMG_229.jpg,2
IMG_231.jpg,6
IMG_232.jpg,6
IMG_234.jpg,0
IMG_235.jpg,6
IMG_236.jpg,0
IMG_237.jpg,2
IMG_238.jpg,4
IMG_239.jpg,1
IMG_240.jpg,2
IMG_241.jpg,4
IMG_242.jpg,2
IMG_246.jpg,1
IMG_247.jpg,3
IMG_249.jpg,1
IMG_251.jpg,1
IMG_253.jpg,1
IMG_254.jpg,1
IMG_255.jpg,1
IMG_256.jpg,1
IMG_257.jpg,1
IMG_258.jpg,1
IMG_259.jpg,2
IMG_261.jpg,4
IMG_262.jpg,1
IMG_263.jpg,4
IMG_264.jpg,1
IMG_265.jpg,0
IMG_266.jpg,2
IMG_268.jpg,2
IMG_270.jpg,4
IMG_271.jpg,1
IMG_273.jpg,1
IMG_275.jpg,4
IMG_277.jpg,1
IMG_278.jpg,1
IMG_279.jpg,2
IMG_280.jpg,4
IMG_282.jpg,1
IMG_284.jpg,0
IMG_285.jpg,1
IMG_287.jpg,1
IMG_288.jpg,5
IMG_289.jpg,3
IMG_290.jpg,4
IMG_291.jpg,4
IMG_292.jpg,4
IMG_295.jpg,0
IMG_297.jpg,3
IMG_298.jpg,5
IMG_299.jpg,5
IMG_300.jpg,5
IMG_304.jpg,5
IMG_305.jpg,5
IMG_306.jpg,5
IMG_307.jpg,3
IMG_310.jpg,6
IMG_311.jpg,0
IMG_312.jpg,3
IMG_313.jpg,4
IMG_316.jpg,5
IMG_317.jpg,0
IMG_318.jpg,4
IMG_319.jpg,0
IMG_321.jpg,5
IMG_322.jpg,3
IMG_323.jpg,0
IMG_325.jpg,3
IMG_326.jpg,1
IMG_327.jpg,2
IMG_328.jpg,3
IMG_329.jpg,3
IMG_331.jpg,3
IMG_332.jpg,3
IMG_333.jpg,3
IMG_336.jpg,3
IMG_337.jpg,3
IMG_338.jpg,5
IMG_340.jpg,0
IMG_341.jpg,3
IMG_342.jpg,4
IMG_345.jpg,6
IMG_346.jpg,3
IMG_348.jpg,6
IMG_349.jpg,0
IMG_350.jpg,5
IMG_352.jpg,5
IMG_353.jpg,3
IMG_354.jpg,3
IMG_355.jpg,5
IMG_356.jpg,5
IMG_357.jpg,6
IMG_361.jpg,3
IMG_362.jpg,5
IMG_364.jpg,3
IMG_365.jpg,6
IMG_366.jpg,0
IMG_370.jpg,3
IMG_371.jpg,0
IMG_373.jpg,3
IMG_374.jpg,4
IMG_375.jpg,2
IMG_377.jpg,1
IMG_378.jpg,5
IMG_379.jpg,4
IMG_382.jpg,2
IMG_383.jpg,4
IMG_386.jpg,6
IMG_387.jpg,0
IMG_388.jpg,5
IMG_389.jpg,3
IMG_392.jpg,5
IMG_393.jpg,5
IMG_394.jpg,3
IMG_395.jpg,5
IMG_396.jpg,6
IMG_398.jpg,3
IMG_399.jpg,3
IMG_400.jpg,3
IMG_402.jpg,3
IMG_403.jpg,4
IMG_404.jpg,6
IMG_405.jpg,0
IMG_406.jpg,6
IMG_407.jpg,0
IMG_408.jpg,5
IMG_413.jpg,5
IMG_414.jpg,3
IMG_418.jpg,5
IMG_419.jpg,6
IMG_420.jpg,0
IMG_421.jpg,3
IMG_422.jpg,6
IMG_424.jpg,4
IMG_425.jpg,4
IMG_428.jpg,5
IMG_429.jpg,5
IMG_430.jpg,2
IMG_431.jpg,2
IMG_432.jpg,0
IMG_433.jpg,6
IMG_434.jpg,3
IMG_435.jpg,6
IMG_436.jpg,0
IMG_437.jpg,6
IMG_438.jpg,5
IMG_439.jpg,1
IMG_440.jpg,2
IMG_442.jpg,2
IMG_443.jpg,0
IMG_444.jpg,4
IMG_445.jpg,5
IMG_446.jpg,2
IMG_447.jpg,6
IMG_450.jpg,2
IMG_451.jpg,0
IMG_452.jpg,2
IMG_453.jpg,4
IMG_454.jpg,0
IMG_458.jpg,0
IMG_460.jpg,6
IMG_461.jpg,1
IMG_462.jpg,0
IMG_465.jpg,6
IMG_466.jpg,6
IMG_468.jpg,3
IMG_469.jpg,1
IMG_472.jpg,0
IMG_473.jpg,6
IMG_474.jpg,5
IMG_477.jpg,1
IMG_479.jpg,6
IMG_481.jpg,4
IMG_483.jpg,0
IMG_484.jpg,0
IMG_485.jpg,5
IMG_488.jpg,6
IMG_490.jpg,2
IMG_491.jpg,5
IMG_492.jpg,1
IMG_493.jpg,4
IMG_494.jpg,0
IMG_495.jpg,2
IMG_496.jpg,6
IMG_497.jpg,2
IMG_498.jpg,5
IMG_500.jpg,1
IMG_501.jpg,2
IMG_503.jpg,0
IMG_505.jpg,0
IMG_507.jpg,5
IMG_508.jpg,0
IMG_509.jpg,4
IMG_510.jpg,6
IMG_512.jpg,6
IMG_514.jpg,2
